{
  "_format": "hh-sol-cache-2",
  "files": {
    "C:\\Users\\ssmud\\Desktop\\SuperCert--Transcript-Verification-System-for-Engineering-Colleges-using-Blockchain-main\\contracts\\IPFSHashStorage.sol": {
      "lastModificationDate": 1738323738353,
      "contentHash": "5bffa3589b525ecb66a086b6c9596a8e",
      "sourceName": "contracts/IPFSHashStorage.sol",
      "solcConfig": {
        "version": "0.8.19",
        "settings": {
          "optimizer": {
            "enabled": true,
            "runs": 200
          },
          "outputSelection": {
            "*": {
              "*": [
                "abi",
                "evm.bytecode",
                "evm.deployedBytecode",
                "evm.methodIdentifiers",
                "metadata"
              ],
              "": [
                "ast"
              ]
            }
          }
        }
      },
      "imports": [],
      "versionPragmas": [
        "^0.8.19"
      ],
      "artifacts": [
        "IPFSHashStorage"
      ]
    },
    "C:\\Users\\ssmud\\Desktop\\SuperCert--Transcript-Verification-System-for-Engineering-Colleges-using-Blockchain-main\\contracts\\payme.sol": {
      "lastModificationDate": 1738250116784,
      "contentHash": "38a14a42d0040af68981868776892b18",
      "sourceName": "contracts/payme.sol",
      "solcConfig": {
        "version": "0.8.19",
        "settings": {
          "optimizer": {
            "enabled": true,
            "runs": 200
          },
          "outputSelection": {
            "*": {
              "*": [
                "abi",
                "evm.bytecode",
                "evm.deployedBytecode",
                "evm.methodIdentifiers",
                "metadata"
              ],
              "": [
                "ast"
              ]
            }
          }
        }
      },
      "imports": [
        "@chainlink/contracts/src/v0.8/shared/interfaces/AggregatorV3Interface.sol"
      ],
      "versionPragmas": [
        "^0.8.0"
      ],
      "artifacts": [
        "payme"
      ]
    },
    "C:\\Users\\ssmud\\Desktop\\SuperCert--Transcript-Verification-System-for-Engineering-Colleges-using-Blockchain-main\\node_modules\\@chainlink\\contracts\\src\\v0.8\\shared\\interfaces\\AggregatorV3Interface.sol": {
      "lastModificationDate": 1738250186031,
      "contentHash": "29c520cd24ad9a3f2c9cf285fee25f05",
      "sourceName": "@chainlink/contracts/src/v0.8/shared/interfaces/AggregatorV3Interface.sol",
      "solcConfig": {
        "version": "0.8.19",
        "settings": {
          "optimizer": {
            "enabled": true,
            "runs": 200
          },
          "outputSelection": {
            "*": {
              "*": [
                "abi",
                "evm.bytecode",
                "evm.deployedBytecode",
                "evm.methodIdentifiers",
                "metadata"
              ],
              "": [
                "ast"
              ]
            }
          }
        }
      },
      "imports": [],
      "versionPragmas": [
        "^0.8.0"
      ],
      "artifacts": [
        "AggregatorV3Interface"
      ]
    },
    "C:\\Users\\ssmud\\Desktop\\SuperCert--Transcript-Verification-System-for-Engineering-Colleges-using-Blockchain-main\\contracts\\payments.sol": {
      "lastModificationDate": 1738250116784,
      "contentHash": "317913fb2c596df27c262a8894e88b14",
      "sourceName": "contracts/payments.sol",
      "solcConfig": {
        "version": "0.8.19",
        "settings": {
          "optimizer": {
            "enabled": true,
            "runs": 200
          },
          "outputSelection": {
            "*": {
              "*": [
                "abi",
                "evm.bytecode",
                "evm.deployedBytecode",
                "evm.methodIdentifiers",
                "metadata"
              ],
              "": [
                "ast"
              ]
            }
          }
        }
      },
      "imports": [],
      "versionPragmas": [
        ">=0.7.0 <0.9.0"
      ],
      "artifacts": [
        "payment"
      ]
    },
    "C:\\Users\\ssmud\\Desktop\\SuperCert--Transcript-Verification-System-for-Engineering-Colleges-using-Blockchain-main\\contracts\\PaymentContract.sol": {
      "lastModificationDate": 1738324672713,
      "contentHash": "4f967704e39cc7e5e13c194ea21f40a3",
      "sourceName": "contracts/PaymentContract.sol",
      "solcConfig": {
        "version": "0.8.19",
        "settings": {
          "optimizer": {
            "enabled": true,
            "runs": 200
          },
          "outputSelection": {
            "*": {
              "*": [
                "abi",
                "evm.bytecode",
                "evm.deployedBytecode",
                "evm.methodIdentifiers",
                "metadata"
              ],
              "": [
                "ast"
              ]
            }
          }
        }
      },
      "imports": [],
      "versionPragmas": [
        "^0.8.7"
      ],
      "artifacts": [
        "PaymentContract"
      ]
    }
  }
}
